1.78,3.0700000000000003
1.67,2.79
1.47,2.6
1.53,2.71
1.53,2.84
1.6300000000000001,3.0700000000000003
1.79,3.02
1.85,3.
1.84,2.57
1.9100000000000001,2.54
1.54,2.64
1.83,2.58
1.6400000000000001,2.9
1.55,2.93
1.69,2.88
1.74,2.93
1.7,2.91
1.68,2.65
1.52,2.7600000000000002
1.61,2.85
1.73,2.93
1.74,3.04
1.76,3.02
1.6500000000000001,3.
1.46,2.2
1.5,2.5500000000000003
1.49,2.63
1.49,2.6
1.47,2.67
1.51,2.62
1.37,2.67
1.55,3.02
1.82,3.36
2.05,3.42
1.7,2.86
1.58,2.89
1.71,3.
1.72,4.14
2.74,4.39
2.37,3.77
2.09,3.5
2.12,3.6
1.95,3.09
1.78,2.97
1.6300000000000001,3.11
1.78,3.2800000000000002
1.8800000000000001,3.54
2.1,3.4
1.83,2.99
1.6600000000000001,2.9
1.6,2.86
1.47,2.69
1.49,2.
1.78,3.4
1.6600000000000001,2.7
1.78,2.7
1.62,2.93
1.61,2.93
1.7,3.08
1.73,3.16
1.72,3.06
1.6400000000000001,3.0300000000000002
1.58,2.32
1.83,2.94
1.82,3.04
1.6300000000000001,2.81
1.67,2.93
1.56,3.06
1.52,3.
1.5,2.7600000000000002
1.52,2.57
1.58,2.94
1.7,3.17
1.7,2.92
1.4000000000000001,2.73
1.5,2.95
1.68,3.25
1.82,3.22
2.0300000000000002,3.41
2.0300000000000002,3.61
1.87,3.0500000000000003
1.51,2.89
2.06,3.43
2.06,3.33
1.84,3.27
1.73,3.25
1.81,3.25
1.8,2.88
1.75,2.67
1.24,2.07
1.32,2.1
1.3,2.18
1.25,2.35
1.37,2.42
1.6,2.54
1.67,2.43
1.68,2.69
1.58,2.58
1.52,2.34
1.54,2.7600000000000002
1.68,2.39
1.6400000000000001,2.54
1.53,2.47
1.47,2.65
1.37,3.36
1.79,3.09
1.53,3.02
1.49,2.32
1.37,2.0300000000000002
1.41,2.25
1.46,2.0300000000000002
1.54,2.7
1.56,2.85
2.24,3.0700000000000003
2.09,3.33
1.3800000000000001,2.57
1.45,2.18
1.45,2.5
1.57,2.47
1.46,2.4
1.54,2.27
2.2600000000000002,3.71
1.79,2.54
1.32,1.92
1.77,2.88
1.43,2.58
1.47,1.94
1.61,2.88
1.68,2.96
1.61,2.2600000000000002
1.6400000000000001,2.61
2.05,3.36
1.99,3.14
1.86,3.5300000000000002
1.82,3.0300000000000002
1.6300000000000001,2.49
1.45,2.59
1.42,2.74
1.59,2.83
1.61,2.87
1.59,3.0100000000000002
1.67,2.95
1.69,2.87
1.6600000000000001,3.
1.6,2.73
1.57,2.84
1.68,3.0300000000000002
1.62,2.95
1.61,3.2600000000000002
1.81,3.43
1.87,3.24
1.9000000000000001,3.4
1.56,3.
1.6600000000000001,3.1
1.7,2.85
1.53,3.04
1.75,3.19
1.81,3.17
1.8,3.16
1.8,2.98
1.77,3.13
1.79,3.21
1.79,3.06
1.79,3.21
1.6500000000000001,3.18
1.85,3.43
1.97,3.2
1.8,3.3200000000000003
1.93,2.73
1.85,3.4
1.8800000000000001,3.34
1.73,3.34
1.67,3.31
1.87,3.21
1.74,3.0700000000000003
1.7,2.83
1.85,2.79
1.75,3.2
1.86,3.1
1.55,2.7600000000000002
1.54,2.72
1.54,2.38
1.35,2.54
1.3800000000000001,2.69
1.43,2.57
1.53,2.84
1.62,2.91
1.81,3.09
1.79,3.66
2.54,3.5700000000000003
2.11,3.25
1.7,2.95
1.67,2.94
1.71,3.22
1.9000000000000001,3.24
1.9000000000000001,3.04
1.79,2.87
1.52,2.66
1.47,2.63
1.56,2.5500000000000003
1.77,3.
1.76,3.2
1.6500000000000001,2.97
1.6,2.87
1.61,2.89
1.81,3.02
1.69,3.02
1.68,2.87
1.5,2.85
1.58,3.16
1.58,3.06
1.67,3.02
1.69,2.95
1.6300000000000001,3.09
1.82,3.3000000000000003
1.77,2.88
1.61,2.93
1.55,2.97
1.57,2.9
1.69,3.11
1.6500000000000001,2.81
1.86,2.93
1.6500000000000001,2.97
1.74,3.25
1.96,4.5200000000000005
2.23,3.08
2.16,3.29
1.74,2.6
1.99,3.04
1.62,2.67
1.54,2.61
1.49,2.7
1.56,3.15
2.3000000000000003,3.5300000000000002
2.0100000000000002,3.29
1.87,2.91
1.61,2.74
1.67,2.9
1.67,2.84
1.57,2.64
1.57,2.81
1.68,2.74
1.87,3.27
1.86,3.13
1.75,2.95
1.6300000000000001,3.0100000000000002
1.7,2.94
1.79,3.
1.77,2.96
1.77,2.83
1.96,3.0700000000000003
1.68,3.13
1.8,3.43
1.95,3.1
2.09,3.44
2.16,2.83
1.67,2.86
1.6,2.88
1.6300000000000001,2.64
1.57,2.35
1.45,2.7600000000000002
1.56,2.65
1.53,2.77
1.55,2.79
1.57,2.92
1.59,2.86
1.55,3.1
1.87,3.2600000000000002
1.81,3.0300000000000002
1.67,2.69
1.68,3.04
1.7,2.95
1.75,2.34
1.75,3.11
1.59,2.64
1.7,2.89
1.78,2.41
1.85,3.46
1.99,3.59
1.69,2.69
1.6300000000000001,2.95
1.44,2.58
1.44,2.64
1.6,2.71
1.5,2.7
1.55,3.22
1.54,2.77
1.6,2.86
1.61,3.3000000000000003
1.93,3.43
2.02,3.4
1.82,3.22
1.78,3.23
1.77,3.2
1.6300000000000001,3.06
1.77,3.04
1.62,2.95
1.6,2.93
1.52,2.73
1.49,2.92
1.61,2.99
1.72,2.92
1.78,3.14
1.74,2.95
1.85,2.79
2.0300000000000002,3.0300000000000002
1.9000000000000001,4.12
2.07,3.41
2.06,3.
1.61,2.95
1.6300000000000001,2.94
1.75,3.02
1.7,3.09
1.68,3.0300000000000002
1.6400000000000001,3.2
1.73,3.08
1.8800000000000001,3.13
1.6600000000000001,2.94
1.59,2.87
1.81,3.3000000000000003
1.96,3.46
1.85,3.2600000000000002
1.68,3.
1.6300000000000001,2.8000000000000003
1.68,3.0500000000000003
1.74,3.11
1.78,2.93
1.5,2.77
1.58,2.84
1.71,2.79
1.62,2.65
1.6400000000000001,2.89
1.74,3.16
1.6400000000000001,2.82
1.81,2.84
1.85,3.04
1.82,2.95
1.75,2.99
1.74,2.9
1.9100000000000001,3.
1.9100000000000001,3.15
1.8900000000000001,2.94
1.7,2.81
1.6600000000000001,2.9
2.08,3.44
2.04,3.29
1.84,3.0700000000000003
1.77,2.98
1.74,2.82
1.71,2.86
1.71,2.9
1.69,2.6
1.82,3.1
2.,3.1
1.94,3.5
1.99,3.02
1.8800000000000001,2.96
1.81,3.0100000000000002
1.85,2.5100000000000002
2.,3.5700000000000003
2.04,3.54
2.17,3.38
1.59,2.44
1.61,3.04
1.6,2.88
1.61,2.97
1.69,3.33
1.79,3.02
1.78,2.94
1.75,2.97
1.78,3.09
1.76,3.11
1.78,3.23
1.86,3.6
1.92,2.81
1.67,3.0300000000000002
1.75,3.22
1.86,3.6
2.07,3.0500000000000003
1.93,3.23
1.6500000000000001,2.89
1.7,2.8000000000000003
1.56,2.87
1.58,2.7800000000000002
1.6300000000000001,2.36
1.67,2.75
1.7,2.9
1.51,2.87
1.6,2.91
1.61,2.81
1.68,3.23
1.81,3.15
1.8800000000000001,3.2600000000000002
1.75,2.91
1.67,2.94
1.54,2.92
1.61,2.9
1.46,2.61
1.48,2.72
1.77,3.17
1.67,2.84
1.5,2.89
1.43,2.62
1.83,3.0700000000000003
1.95,3.09
1.23,2.3000000000000003
1.34,2.83
1.73,2.97
1.6600000000000001,2.7800000000000002
1.57,2.67
1.48,2.8000000000000003
1.6400000000000001,2.88
1.67,2.87
1.6600000000000001,2.86
1.6,2.82
1.61,2.74
1.6300000000000001,2.77
1.73,3.02
1.69,3.69
2.19,3.75
2.3000000000000003,3.5700000000000003
1.6400000000000001,2.96
1.73,3.0700000000000003
1.82,3.38
2.04,3.5300000000000002
1.9000000000000001,3.83
2.3000000000000003,3.64
2.05,3.42
1.82,3.17
1.76,2.99
1.62,2.84
1.62,2.7600000000000002
1.45,2.72
1.45,2.71
1.42,2.69
1.58,3.0300000000000002
1.7,3.23
1.93,3.2800000000000002
1.6300000000000001,2.7
1.46,2.58
1.52,2.72
1.56,2.65
1.45,2.82
1.78,3.0100000000000002
1.7,3.0300000000000002
1.75,3.0700000000000003
1.79,2.93
1.83,3.11
1.81,3.04
1.9000000000000001,3.36
1.96,3.35
1.8900000000000001,3.09
1.82,2.62
1.8,2.6
1.8800000000000001,3.09
1.87,3.45
1.9100000000000001,3.0700000000000003
1.76,2.71
1.61,2.64
1.4000000000000001,2.66
1.32,2.45
1.52,2.62
1.44,2.69
1.81,2.99
1.77,3.0700000000000003
1.48,2.6
1.33,2.45
1.5,2.62
1.47,2.75
1.51,2.61
1.51,2.58
1.56,2.71
1.6,2.67
1.3900000000000001,2.54
1.3900000000000001,2.58
1.52,2.48
1.5,2.87
1.79,2.87
1.69,2.84
1.7,2.97
1.42,2.65
1.53,2.8000000000000003
1.58,3.04
1.75,2.9
1.71,3.04
1.85,3.17
1.56,2.71
1.56,2.58
1.53,2.89
1.55,3.06
1.81,3.11
1.61,2.97
1.69,3.11
1.82,3.1
1.84,2.44
1.6,2.61
1.55,2.97
1.67,2.57
1.48,2.87
1.68,3.02
1.76,3.19
1.81,3.23
1.79,4.94
2.5300000000000002,4.19
2.17,3.25
1.97,3.2
1.67,3.14
1.8800000000000001,3.17
1.7,3.1
1.79,3.14
2.0100000000000002,3.14
1.86,3.12
1.83,3.3000000000000003
1.85,2.9
1.68,3.0700000000000003
1.6300000000000001,2.84
1.76,3.17
1.79,3.02
1.75,3.96
2.08,3.04
2.,2.99
1.68,2.77
2.02,3.39
2.07,3.23
1.95,3.14
1.73,2.88
1.58,2.75
1.67,3.09
1.67,2.82
1.7,2.86
1.7,3.0300000000000002
1.74,3.09
1.9000000000000001,3.66
3.18,5.73
2.42,3.49
2.07,2.99
1.81,3.02
1.58,2.7600000000000002
1.52,2.87
1.6600000000000001,2.99
1.6500000000000001,2.99
1.86,3.49
1.49,2.94
1.86,3.41
2.0100000000000002,3.47
1.98,3.43
1.81,3.02
1.73,3.3000000000000003
1.81,3.0100000000000002
1.82,3.11
1.68,2.85
1.69,2.94
1.69,2.93
1.59,2.81
1.6300000000000001,3.0300000000000002
1.67,2.87
1.6,3.1
1.77,2.99
1.71,2.94
1.71,2.93
1.6300000000000001,2.79
1.61,3.06
1.59,2.93
1.79,3.2800000000000002
1.74,2.75
1.6,3.0700000000000003
1.48,2.61
1.56,3.0100000000000002
1.86,3.86
2.02,3.37
1.6,2.88
1.53,2.87
1.67,3.0700000000000003
1.8,3.29
1.86,3.0500000000000003
1.67,3.
1.72,2.92
1.83,3.77
2.06,3.7
1.79,3.0700000000000003
2.0300000000000002,3.42
1.83,2.9
1.55,2.96
1.44,2.66
1.57,3.04
1.71,3.13
1.52,2.68
1.8800000000000001,2.85
1.8800000000000001,3.16
1.71,2.66
1.53,2.6
1.48,2.5500000000000003
1.49,3.06
1.75,2.87
1.77,2.95
1.68,2.74
1.51,2.64
1.54,2.81
1.6600000000000001,2.7800000000000002
1.59,2.59
1.52,2.71
1.53,2.74
1.73,2.58
1.61,2.7
1.76,2.65
1.52,2.73
1.55,2.47
1.83,3.3000000000000003
1.58,2.74
1.57,2.7
1.53,2.62
1.68,2.99
1.87,3.36
1.8900000000000001,3.12
1.76,2.71
1.51,2.67
1.6300000000000001,2.83
1.78,2.58
1.6300000000000001,2.8000000000000003
1.57,2.17
1.54,3.0700000000000003
1.54,2.5100000000000002
1.43,2.52
1.51,2.49
1.61,2.69
1.6,2.82
1.61,2.88
1.73,2.9
1.7,2.98
1.8800000000000001,3.0100000000000002
1.8900000000000001,3.1
1.8,3.02
1.67,2.61
1.55,2.64
1.55,2.97
1.67,3.09
1.9100000000000001,3.21
1.77,2.5500000000000003
1.6500000000000001,2.87
1.6500000000000001,2.94
1.6500000000000001,2.86
1.58,3.58
1.92,2.93
1.73,2.79
1.73,3.06
1.84,3.17
1.9000000000000001,3.14
1.76,2.97
2.09,3.49
1.76,3.0100000000000002
1.58,2.39
1.42,2.59
1.57,3.0700000000000003
1.71,2.86
1.8,3.2
1.69,3.
1.84,3.15
1.67,2.73
1.54,2.81
1.61,2.99
1.73,2.94
1.73,3.11
1.75,3.12
1.79,3.04
1.69,2.93
1.6,2.92
1.6,2.9
1.6500000000000001,3.02
1.73,3.22
1.8,3.24
1.82,3.22
1.8900000000000001,3.33
1.84,3.02
1.83,3.0300000000000002
1.81,3.04
1.61,2.91
1.61,2.74
1.6,3.04
1.82,2.86
1.67,2.9
1.51,2.81
1.61,2.81
1.6,2.97
1.83,3.31
1.8800000000000001,3.22
2.23,3.71
2.17,3.5500000000000003
2.05,3.94
2.0300000000000002,3.71
1.95,3.17
1.75,2.91
1.6,2.84
1.51,2.7600000000000002
1.53,2.9
1.62,3.14
1.87,3.4
1.75,2.84
1.55,2.81
1.55,2.47
1.5,2.58
1.6,3.09
1.67,2.99
1.72,3.23
1.9100000000000001,3.2800000000000002
1.52,2.45
1.6600000000000001,3.08
1.67,3.27
1.84,3.34
2.05,3.37
1.96,3.22
1.9100000000000001,3.3000000000000003
1.83,3.15
1.74,3.11
1.84,3.11
1.77,3.29
1.81,3.2800000000000002
1.54,2.59
1.48,2.63
1.46,2.44
1.42,2.5500000000000003
1.48,2.56
1.47,2.46
1.3800000000000001,2.49
1.52,2.5100000000000002
2.0100000000000002,3.56
1.82,3.19
1.94,3.56
2.06,3.29
2.02,3.47
1.97,3.12
1.77,3.16
1.74,3.09
1.76,3.0100000000000002
1.76,3.06
1.7,3.0100000000000002
1.6600000000000001,2.77
1.9000000000000001,3.23
1.78,3.22
1.84,3.21
1.84,3.24
1.84,3.1
1.83,2.75
1.53,2.58
1.54,2.57
1.5,2.48
1.47,2.58
1.51,2.5100000000000002
1.48,2.7
1.6400000000000001,2.92
1.68,2.96
1.68,2.91
1.56,3.1
1.82,2.75
1.78,2.94
1.81,3.13
1.6600000000000001,2.79
1.59,2.66
1.51,2.79
1.62,2.8000000000000003
1.6600000000000001,2.84
1.71,3.5
2.1,3.66
2.24,4.01
2.6,3.67
2.08,3.66
1.95,3.2600000000000002
1.84,2.87
1.69,2.94
1.61,3.1
1.75,3.2
1.9000000000000001,3.45
2.21,3.43
1.9100000000000001,3.33
1.8,3.0700000000000003
1.48,2.72
1.6500000000000001,3.04
1.53,2.5300000000000002
1.77,3.04
1.82,2.97
1.84,2.81
1.55,2.88
1.3900000000000001,2.18
1.4000000000000001,2.46
1.54,2.62
1.56,2.73
1.6500000000000001,2.89
1.6300000000000001,2.64
1.54,2.49
1.57,2.5500000000000003
1.67,2.9
1.8,3.
1.85,2.89
1.87,3.16
1.83,3.06
1.62,3.
1.6500000000000001,2.97
1.72,3.0100000000000002
1.71,2.77
1.56,2.7
1.47,2.7
1.67,2.86
1.72,3.04
1.69,2.9
1.79,3.0300000000000002
1.6400000000000001,2.88
1.74,3.13
1.95,3.35
1.86,3.15
1.9000000000000001,3.19
1.98,3.18
1.94,3.24
1.87,3.13
1.83,3.36
1.9100000000000001,3.2600000000000002
1.87,3.19
1.8800000000000001,3.23
1.85,3.2
1.84,3.18
1.81,2.99
1.75,2.9
1.61,2.84
1.68,3.0100000000000002
1.76,2.88
2.04,3.29
2.02,3.3200000000000003
2.,3.29
2.09,3.23
2.0100000000000002,3.19
1.9100000000000001,3.12
1.77,3.0500000000000003
1.8800000000000001,3.3000000000000003
1.92,3.3000000000000003
2.04,3.14
1.86,3.35
1.9100000000000001,3.29
1.76,3.14
1.78,3.04
1.8,2.95
1.61,2.77
1.67,2.88
1.6500000000000001,2.97
1.78,2.99
1.61,2.62
1.51,2.65
1.46,2.7
1.57,2.83
1.59,2.68
1.55,2.5300000000000002
1.76,3.33
2.14,3.36
1.84,3.1
1.6300000000000001,3.14
1.53,2.9
1.6,3.2800000000000002
1.83,3.24
1.92,3.33
1.93,3.44
1.95,3.17
1.8,2.98
1.74,3.0500000000000003
1.77,3.02
1.81,2.97
1.61,3.44
1.95,3.2800000000000002
1.8,3.1
1.82,3.19
1.8800000000000001,3.31
1.81,3.2800000000000002
1.84,3.2
1.92,3.45
2.,3.23
1.93,3.3200000000000003
1.92,3.31
1.95,3.68
1.93,3.13
1.54,2.83
1.53,2.84
1.53,2.91
1.61,3.14
1.68,3.13
1.72,3.21
1.8900000000000001,3.33
1.75,2.86
1.62,2.59
1.55,2.79
1.76,2.68
1.78,2.69
1.84,3.
1.67,2.7
1.54,2.79
1.74,3.04
1.34,2.42
1.37,2.62
1.5,2.85
1.62,2.93
1.6500000000000001,2.97
1.82,2.94
1.73,3.04
1.74,3.09
1.67,3.22
1.8,2.97
1.73,3.42
1.84,3.15
1.8,2.86
1.8800000000000001,3.09
1.97,3.75
2.18,3.59
2.,3.47
1.8900000000000001,3.24
1.8800000000000001,3.4
2.09,3.74
2.19,3.81
2.09,3.33
1.84,3.4
1.8,3.14
1.77,3.16
1.8800000000000001,3.54
1.9100000000000001,3.36
1.8,3.64
1.61,2.91
1.4000000000000001,2.65
1.42,3.09
1.74,2.94
1.7,3.54
1.6600000000000001,3.09
1.6600000000000001,2.91
1.61,3.31
1.87,3.45
1.93,3.1
1.76,3.
1.73,2.82
1.61,2.72
1.8,2.62
1.93,3.2800000000000002
1.73,3.09
1.7,2.83
1.45,3.02
1.61,2.46
1.8800000000000001,3.3200000000000003
1.76,3.14
1.75,2.95
1.6300000000000001,3.27
1.73,3.16
1.68,2.77
1.56,2.7
1.29,2.5100000000000002
1.44,2.7600000000000002
1.54,2.71
1.49,2.87
1.56,2.8000000000000003
1.62,2.77
1.42,2.47
1.54,2.94
1.6400000000000001,2.92
1.6600000000000001,2.97
1.74,3.
1.6400000000000001,2.97
1.6600000000000001,2.7600000000000002
1.6600000000000001,3.
1.6500000000000001,2.7800000000000002
1.6500000000000001,2.93
1.74,2.97
1.7,3.25
1.74,3.17
1.85,2.8000000000000003
1.75,3.15
1.78,3.23
1.86,2.96
1.72,3.0700000000000003
1.68,2.94
1.6500000000000001,2.7600000000000002
1.6600000000000001,2.94
1.6600000000000001,3.04
1.6,2.56
1.56,2.75
1.61,3.61
2.08,3.46
1.83,3.06
1.6600000000000001,2.74
1.62,2.92
1.4000000000000001,2.84
1.45,2.7
1.52,2.77
1.54,2.65
1.51,2.84
1.6400000000000001,2.84
1.78,3.3200000000000003
1.78,3.11
1.75,3.24
1.9000000000000001,3.23
2.05,3.66
2.0300000000000002,3.72
2.02,3.4
1.73,3.2800000000000002
1.96,3.36
1.78,3.34
1.79,2.41
1.58,2.86
1.58,2.65
1.44,2.5500000000000003
1.44,2.64
1.53,3.29
1.8,2.86
1.67,3.0300000000000002
1.71,3.16
1.69,2.98
1.57,2.68
1.6,2.92
1.6300000000000001,3.2800000000000002
1.92,3.45
1.6500000000000001,2.88
1.44,2.66
1.45,2.66
1.57,2.97
1.68,2.89
1.47,2.87
1.62,2.9
1.62,3.12
1.6600000000000001,3.12
1.75,3.37
1.85,3.43
1.81,3.09
1.6600000000000001,2.97
1.53,2.9
1.56,2.93
1.68,2.84
1.46,3.02
1.58,2.94
1.61,2.91
1.49,2.87
1.76,3.14
1.78,2.95
1.68,3.
1.6400000000000001,3.18
1.7,3.2
1.76,3.04
1.78,3.33
1.87,3.3000000000000003
1.84,3.21
1.79,3.0300000000000002
1.62,2.97
1.6300000000000001,3.2800000000000002
1.77,3.22
1.6300000000000001,3.0100000000000002
1.54,2.75
1.75,3.06
1.54,2.99
1.79,3.35
1.76,2.92
1.71,2.73
1.75,3.35
1.79,3.37
1.7,2.83
1.73,2.81
1.73,3.16
1.68,2.87
1.55,2.87
1.79,2.91
1.73,3.3000000000000003
1.75,3.1
1.68,2.96
1.6500000000000001,2.49
1.55,2.58
1.58,2.1
1.43,2.5100000000000002
1.6400000000000001,2.13
1.6400000000000001,2.72
1.54,2.65
1.41,2.54
1.5,2.5
1.6400000000000001,2.56
1.68,2.8000000000000003
1.55,3.0700000000000003
1.6500000000000001,2.87
1.53,2.71
1.49,2.7800000000000002
1.55,2.89
1.53,2.92
1.74,3.12
1.75,3.2600000000000002
1.96,3.29
1.8900000000000001,3.12
1.8,3.1
1.6400000000000001,2.94
1.68,2.94
1.81,3.06
1.72,2.86
1.49,2.62
1.6300000000000001,2.72
1.7,2.83
1.84,3.4
1.78,3.0300000000000002
1.8,3.1
1.94,3.33
1.94,3.16
1.78,2.96
1.6600000000000001,2.91
1.7,2.97
1.6500000000000001,2.85
1.69,3.0700000000000003
1.7,3.0100000000000002
1.74,3.08
1.85,3.0500000000000003
1.87,3.04
1.8900000000000001,3.15
1.92,2.96
1.8,3.04
1.8,3.06
1.6500000000000001,2.96
1.78,3.0700000000000003
1.8800000000000001,3.22
1.31,2.47
1.42,2.73
1.42,2.56
1.36,2.81
1.6300000000000001,2.97
1.35,2.56
1.7,3.04
1.58,3.09
1.71,3.1
1.8900000000000001,3.2800000000000002
1.76,3.06
1.81,3.13
1.77,3.17
1.74,3.11
1.6400000000000001,2.81
1.59,2.88
1.78,2.96
1.85,3.23
1.69,3.08
1.83,3.22
1.9000000000000001,3.3000000000000003
1.74,2.47
2.07,3.04
1.6500000000000001,2.93
1.62,2.99
1.6,3.04
1.8800000000000001,3.08
1.83,2.74
1.27,2.2600000000000002
1.31,2.38
1.32,2.65
1.52,2.7800000000000002
1.53,2.71
1.5,2.69
1.54,3.08
1.69,2.92
1.7,3.0300000000000002
1.8,3.0700000000000003
1.73,2.8000000000000003
1.49,2.73
1.61,3.44
2.1,2.94
2.11,3.58
1.86,3.13
1.61,2.62
1.57,2.77
1.51,3.14
1.74,2.7
1.6,2.97
1.68,3.4
1.94,3.39
1.8900000000000001,3.19
1.82,2.96
1.61,2.6
1.56,2.84
1.6500000000000001,2.77
1.55,3.69
2.13,3.59
2.06,3.39
1.8900000000000001,3.33
1.67,3.0100000000000002
1.74,2.57
1.68,2.84
1.47,2.71
1.59,2.68
1.58,2.8000000000000003
1.69,3.15
1.68,2.85
1.69,3.08
1.6400000000000001,2.86
1.6400000000000001,2.9
1.81,3.0700000000000003
1.75,3.08
1.83,2.91
1.72,3.02
1.77,2.93
1.6600000000000001,2.89
1.45,2.73
1.49,2.97
1.69,3.3200000000000003
1.8900000000000001,3.31
1.85,3.35
1.84,2.71
1.82,2.94
1.7,2.84
1.68,2.9
1.6300000000000001,2.96
1.7,3.11
1.77,3.02
1.76,2.46
1.79,3.31
1.82,2.99
1.61,2.58
1.56,3.13
1.77,3.06
1.71,3.25
1.9000000000000001,3.2600000000000002
1.77,3.23
1.78,3.0700000000000003
1.82,3.42
1.8800000000000001,3.42
2.04,3.77
2.27,3.96
1.97,2.8000000000000003
1.53,2.75
1.67,3.0100000000000002
1.83,3.18
1.8900000000000001,3.39
1.6400000000000001,2.89
1.92,2.94
1.8800000000000001,3.68
2.07,3.61
2.06,3.44
1.78,3.0100000000000002
1.71,3.13
1.6500000000000001,3.0300000000000002
1.67,3.1
1.72,3.08
1.77,3.09
1.8800000000000001,3.19
1.84,3.14
1.79,3.
1.67,3.02
1.42,2.7600000000000002
1.56,2.71
1.61,2.81
1.56,2.82
1.6300000000000001,2.79
1.56,2.69
1.54,2.7600000000000002
1.61,2.11
2.0300000000000002,3.
1.85,2.96
1.83,3.0700000000000003
1.8,2.92
1.68,3.8200000000000003
2.27,3.43
1.87,3.24
1.84,3.17
1.9000000000000001,3.39
1.8800000000000001,3.08
1.9000000000000001,3.12
1.83,3.2600000000000002
1.83,3.19
1.92,3.39
1.87,3.18
1.71,2.94
1.68,3.09
1.74,3.13
1.71,3.17
1.57,2.27
1.61,2.89
1.45,2.61
1.46,2.85
1.71,3.11
1.75,2.95
1.62,2.58
1.42,2.65
1.54,2.79
1.6300000000000001,2.88
1.6300000000000001,3.11
1.59,2.44
1.43,2.43
1.45,2.5500000000000003
1.46,2.43
1.43,2.48
1.61,2.85
1.75,2.85
1.6400000000000001,2.69
1.58,2.65
1.79,2.98
1.6300000000000001,2.7
1.53,2.9
1.75,3.13
1.73,2.67
1.69,2.64
1.72,2.9
1.67,2.52
1.6600000000000001,2.7
1.6,2.72
1.58,2.38
1.6600000000000001,2.74
1.58,2.33
1.59,2.71
1.7,2.94
1.71,3.06
1.7,2.83
1.6500000000000001,3.16
1.73,2.99
1.67,2.83
1.55,2.86
1.94,3.17
1.77,2.83
1.61,2.65
1.49,2.93
1.74,3.0700000000000003
1.74,2.79
1.6500000000000001,2.59
1.58,2.5100000000000002
1.56,2.64
1.54,2.74
1.54,2.82
1.6500000000000001,3.2600000000000002
1.24,2.38
1.9000000000000001,2.96
1.7,2.87
1.6,2.66
1.68,2.66
1.49,2.77
1.56,2.74
1.68,2.79
1.67,2.84
1.56,2.54
1.6600000000000001,2.81
1.6500000000000001,2.92
1.68,3.0500000000000003
1.87,3.14
1.9100000000000001,3.33
1.7,2.88
1.6600000000000001,2.86
1.54,2.63
1.31,2.35
1.31,2.62
1.49,2.8000000000000003
1.54,2.7800000000000002
1.81,3.58
2.18,3.2
1.99,3.08
1.8,2.94
1.6300000000000001,2.74
1.67,2.84
1.73,2.93
1.52,2.87
1.6600000000000001,2.98
1.6400000000000001,3.33
1.69,3.04
1.83,3.13
1.74,3.39
1.72,2.57
1.6300000000000001,2.46
1.51,2.33
1.58,2.5500000000000003
1.6300000000000001,2.57
1.6300000000000001,2.77
1.69,2.66
1.45,2.63
1.74,2.74
1.67,2.72
1.58,2.77
1.47,2.43
1.47,2.6
1.45,2.56
1.62,2.88
1.6600000000000001,2.84
1.85,2.86
1.8,2.96
1.76,2.89
1.62,2.84
1.29,2.47
1.44,2.79
1.56,2.72
1.45,2.71
1.41,2.65
1.47,2.63
1.4000000000000001,2.5100000000000002
1.3800000000000001,2.61
1.46,2.66
1.52,2.79
1.6400000000000001,3.0700000000000003
1.78,2.95
1.6400000000000001,3.31
1.79,2.86
1.6500000000000001,2.92
1.29,2.66
1.5,2.56
1.41,2.5
1.52,2.64
1.6300000000000001,2.8000000000000003
1.62,2.81
1.35,2.5100000000000002
1.47,2.5300000000000002
1.42,2.69
1.6,2.88
1.62,3.0300000000000002
1.69,2.88
1.61,2.91
1.6400000000000001,2.85
1.56,2.95
1.71,3.2
1.83,3.21
1.92,3.16
1.99,3.23
1.36,2.54
1.4000000000000001,2.57
1.45,2.63
1.56,2.77
1.85,2.82
1.69,3.13
1.8800000000000001,2.98
1.78,2.97
1.7,2.96
1.6600000000000001,2.92
1.73,3.13
1.92,3.3000000000000003
1.6500000000000001,2.8000000000000003
1.6400000000000001,2.9
1.71,2.99
1.7,2.99
1.67,2.73
1.73,2.84
1.6500000000000001,2.85
1.61,3.13
1.74,3.09
1.7,2.35
1.71,2.69
1.52,2.41
1.49,3.13
1.81,3.5
2.07,3.62
2.07,3.33
2.24,3.49
1.86,3.0500000000000003
1.6,2.88
1.6600000000000001,2.9
1.72,2.82
1.8800000000000001,3.0300000000000002
1.7,2.85
1.6500000000000001,3.0700000000000003
1.67,2.91
1.6,2.5300000000000002
1.6400000000000001,3.34
1.62,2.46
1.72,2.7
1.6,2.59
1.37,2.58
1.35,2.54
1.3800000000000001,2.5500000000000003
1.54,2.7600000000000002
1.61,2.86
1.61,2.96
1.79,3.13
2.14,3.4
2.0100000000000002,3.11
1.57,2.63
1.45,2.59
1.45,2.83
1.74,3.16
1.84,3.23
1.96,3.2
1.81,3.
1.68,2.86
1.6400000000000001,2.96
1.69,2.5500000000000003
1.43,2.58
2.1,2.95
1.73,2.88
1.61,2.9
1.78,3.11
1.93,3.0300000000000002
1.81,3.0300000000000002
1.83,3.13
1.84,3.19
1.6500000000000001,2.66
1.43,2.56
1.58,2.91
1.6,3.04
1.67,3.0500000000000003
1.8800000000000001,3.0500000000000003
1.67,2.89
1.6500000000000001,2.73
1.57,2.85
1.54,3.
1.68,2.95
1.69,2.97
1.79,2.64
1.47,2.3000000000000003
1.67,2.44
1.71,2.9
1.75,3.14
1.8800000000000001,3.2600000000000002
1.87,3.0700000000000003
1.6400000000000001,2.75
1.37,2.61
1.54,2.93
1.6600000000000001,2.89
1.68,4.3500000000000005
2.4,3.79
2.17,3.5
1.56,2.52
1.6400000000000001,2.83
1.6500000000000001,2.89
1.6,2.85
1.77,2.7600000000000002
1.57,2.62
1.57,2.47
1.51,2.58
1.68,2.84
1.86,3.15
1.84,3.27
1.68,3.2600000000000002
1.72,2.93
1.68,3.04
1.6600000000000001,3.8200000000000003
1.54,2.16
1.57,2.9
1.73,2.94
1.59,2.87
1.6600000000000001,2.86
1.57,3.15
1.8,3.1
1.78,2.97
1.61,2.94
1.73,3.13
2.,3.18
1.68,3.11
1.7,2.67
1.61,2.89
1.7,2.96
1.6600000000000001,2.77
1.68,3.17
1.8,3.04
1.77,3.02
1.69,3.04
1.76,2.98
1.75,2.96
1.6600000000000001,2.95
1.76,3.08
1.78,3.06
1.77,2.83
1.84,3.21
1.84,3.21
1.85,3.0500000000000003
1.62,3.02
1.67,2.9
1.68,2.89
1.71,2.88
1.8800000000000001,2.81
1.6600000000000001,2.88
1.7,2.9
1.41,2.48
1.3800000000000001,2.5
1.47,2.72
1.82,2.93
1.6,2.75
1.55,2.84
1.58,3.0100000000000002
1.73,3.18
1.82,3.2600000000000002
1.74,3.17
1.77,3.35
1.92,3.29
1.87,3.29
1.96,3.36
1.74,2.94
1.72,2.94
1.71,3.09
1.6400000000000001,3.0100000000000002
1.6600000000000001,2.99
1.67,3.16
1.83,3.02
1.67,3.0300000000000002
1.67,2.92
1.74,3.06
1.86,3.5700000000000003
1.92,3.5100000000000002
2.05,3.41
2.09,3.56
1.99,3.2
1.8800000000000001,3.21
1.79,2.96
1.82,3.25
1.8900000000000001,3.15
1.8,3.19
1.76,3.22
1.74,2.81
1.69,3.12
1.6,3.09
1.6600000000000001,3.14
1.6400000000000001,3.11
1.8800000000000001,3.38
1.85,3.37
1.99,3.41
1.81,3.44
2.47,3.95
2.06,3.27
1.98,3.52
1.6,2.9
1.61,3.13
1.73,2.89
1.7,2.9
1.69,3.29
1.86,2.94
1.72,2.85
1.59,2.81
1.7,2.8000000000000003
1.56,2.75
1.6,2.83
1.69,2.87
1.69,2.81
1.57,2.58
1.55,2.83
1.71,3.02
1.81,3.37
2.15,3.56
2.2,3.5100000000000002
1.9100000000000001,3.0500000000000003
1.77,3.0500000000000003
1.78,3.09
1.6500000000000001,2.31
1.7,2.96
1.76,3.
1.62,2.74
1.57,2.82
1.6,2.99
1.79,3.0500000000000003
1.9000000000000001,2.91
1.68,2.73
1.6300000000000001,2.85
1.72,2.94
1.67,2.38
1.68,2.64
1.6300000000000001,2.69
1.54,2.64
1.48,2.63
1.56,2.7800000000000002
1.57,2.64
1.55,3.08
1.8800000000000001,3.25
1.84,2.74
1.77,2.77
1.69,2.5300000000000002
1.75,2.5
1.58,2.49
1.6,2.5
1.6300000000000001,2.87
1.67,2.75
1.61,2.84
1.74,2.97
1.73,2.89
1.62,2.96
1.74,2.59
1.53,2.61
1.3900000000000001,2.57
1.45,2.68
1.42,2.63
1.42,2.66
1.51,2.87
2.27,3.46
2.16,3.23
2.,2.66
1.6300000000000001,2.47
1.47,2.67
1.51,2.74
1.49,2.71
1.51,2.54
1.47,2.6
1.73,2.52
1.67,2.54
1.67,2.83
1.6500000000000001,2.84
1.69,3.06
1.83,3.18
1.84,3.19
1.78,3.36
1.99,3.4
1.6500000000000001,3.0300000000000002
1.6400000000000001,2.98
1.6400000000000001,2.96
1.82,3.58
1.99,3.5500000000000003
2.0100000000000002,3.3200000000000003
2.02,3.1
1.72,2.8000000000000003
1.55,2.82
1.68,2.8000000000000003
1.85,4.13
2.96,4.3100000000000005
2.14,3.23
1.77,3.
1.76,3.0700000000000003
1.7,3.0500000000000003
1.77,3.16
1.9000000000000001,3.47
2.05,3.41
1.8800000000000001,3.37
1.92,3.2
1.9100000000000001,3.39
1.83,3.35
1.78,3.06
1.67,3.09
1.78,3.36
1.71,3.0100000000000002
1.6,3.0100000000000002
1.79,3.2
1.9000000000000001,3.36
2.02,3.47
1.84,2.99
1.51,2.72
1.61,2.99
1.6400000000000001,2.98
1.6,3.12
1.69,3.04
1.61,3.16
1.9100000000000001,3.41
1.77,3.08
1.75,2.9
1.69,3.0500000000000003
1.92,3.34
1.94,3.39
2.0100000000000002,3.44
1.74,3.0500000000000003
1.86,3.24
1.78,3.2600000000000002
1.41,2.57
1.47,2.66
1.6300000000000001,2.72
1.5,2.73
1.57,2.77
1.5,2.79
1.42,2.47
1.42,2.65
1.53,2.86
1.71,3.02
1.71,3.1
1.8800000000000001,3.09
1.76,2.86
1.58,2.8000000000000003
1.49,2.65
1.54,2.91
1.69,3.13
1.86,3.2600000000000002
1.8,2.91
1.85,3.18
1.99,3.25
1.85,3.35
1.78,2.99
1.77,3.0300000000000002
1.72,3.12
1.8900000000000001,3.1
1.6300000000000001,2.93
1.75,3.04
1.68,3.08
1.71,2.98
2.,3.4
1.48,2.69
1.42,2.84
1.53,2.84
1.73,3.23
1.79,3.13
1.6300000000000001,2.54
1.54,2.47
1.57,2.66
1.47,2.67
1.37,2.47
1.6600000000000001,2.9
1.6300000000000001,2.92
1.6300000000000001,2.86
1.6300000000000001,3.12
1.83,3.64
1.82,2.7600000000000002
1.36,2.6
1.3900000000000001,2.57
1.46,2.64
1.45,2.5300000000000002
1.3900000000000001,2.45
1.42,2.7
1.55,2.7800000000000002
1.61,2.7
1.6300000000000001,3.19
1.6600000000000001,2.7
1.55,2.77
1.6600000000000001,2.99
1.75,3.1
1.68,2.95
1.78,3.17
1.82,3.14
1.75,3.11
1.6500000000000001,2.7600000000000002
1.6300000000000001,2.71
1.58,2.81
1.57,2.83
1.51,2.7600000000000002
1.57,3.22
1.69,2.83
1.6600000000000001,2.77
1.62,2.77
1.75,3.23
1.47,2.87
1.61,2.85
1.6500000000000001,3.0500000000000003
1.74,3.09
1.7,3.15
1.71,3.34
1.81,3.17
1.87,3.2
1.86,3.17
1.8,3.0100000000000002
1.92,3.31
1.95,3.17
1.73,2.95
1.61,2.81
1.6500000000000001,2.84
1.6300000000000001,2.7
1.47,2.66
1.46,2.88
1.59,2.66
1.47,2.69
1.55,2.89
1.56,2.75
1.55,2.87
1.6500000000000001,2.92
1.6400000000000001,2.7800000000000002
1.6,2.89
1.62,2.94
1.54,3.45
2.12,3.71
2.14,3.64
2.08,3.7
2.18,3.29
1.86,3.2
1.74,3.46
1.86,2.96
1.6500000000000001,2.86
1.8,3.2600000000000002
1.81,2.86
1.54,2.74
1.55,2.99
1.86,3.19
1.68,2.88
1.6600000000000001,3.18
1.6600000000000001,3.19
1.83,2.94
1.6500000000000001,2.91
1.55,2.7600000000000002
1.49,2.79
1.54,2.92
1.73,3.09
1.68,2.94
1.49,2.79
1.56,2.88
1.57,2.75
1.6400000000000001,2.97
2.13,3.97
2.29,3.44
1.75,3.31
1.84,3.2
1.84,3.11
1.6300000000000001,2.83
1.6300000000000001,3.04
1.76,3.04
1.7,2.91
1.53,2.7800000000000002
1.71,3.0500000000000003
1.55,3.08
1.6400000000000001,2.5300000000000002
1.6500000000000001,2.81
1.34,2.54
1.43,2.77
1.51,2.37
1.24,2.2
1.23,2.35
1.37,3.0100000000000002
1.74,2.87
1.51,2.63
1.4000000000000001,2.58
1.75,2.79
1.75,2.98
1.73,2.98
1.74,3.17
1.72,3.21
1.9100000000000001,3.21
1.77,2.94
1.73,3.12
1.62,2.98
1.71,2.93
1.6500000000000001,2.95
1.73,3.0700000000000003
1.81,3.08
1.67,2.96
1.73,3.09
1.6600000000000001,2.9
1.71,3.15
1.74,2.94
1.73,3.02
1.74,2.95
1.67,3.0500000000000003
1.69,2.98
1.7,3.46
1.54,2.97
1.7,2.84
1.61,2.83
1.6,2.75
1.51,2.7800000000000002
1.53,2.83
1.61,3.16
1.72,3.04
1.7,2.96
1.6500000000000001,2.94
1.67,3.0500000000000003
1.7,2.98
1.75,3.19
1.84,3.21
1.69,2.77
1.41,2.33
1.37,2.63
1.52,2.86
1.55,2.87
1.56,2.99
1.6300000000000001,2.77
1.79,3.3000000000000003
1.87,3.31
1.82,3.08
1.69,3.22
2.,3.19
1.82,3.2800000000000002
1.83,3.46
1.8800000000000001,3.49
1.8900000000000001,3.09
1.6400000000000001,2.94
1.28,2.42
1.35,2.58
1.3900000000000001,2.58
1.49,2.82
1.6400000000000001,2.82
1.76,2.96
1.8,3.0700000000000003
1.6600000000000001,2.66
1.52,2.9
1.6,2.77
1.59,2.9
1.6600000000000001,2.86
1.67,3.0300000000000002
1.67,2.79
1.52,2.72
1.56,3.0300000000000002
1.57,2.98
1.68,2.96
1.61,3.1
1.71,2.81
1.52,2.72
1.42,2.69
1.45,2.91
1.6600000000000001,2.99
1.8,3.09
1.73,3.02
1.77,3.
1.68,2.75
1.43,2.46
1.32,2.41
1.3900000000000001,2.71
1.54,2.98
1.71,2.92
1.6,3.0300000000000002
1.82,3.3000000000000003
1.75,2.94
1.67,2.8000000000000003
1.56,2.7800000000000002
1.79,2.89
1.74,3.11
1.9000000000000001,3.29
1.76,2.97
1.52,2.5100000000000002
1.51,2.94
1.44,2.86
1.6600000000000001,3.0700000000000003
1.68,3.04
1.6300000000000001,2.35
1.6300000000000001,2.93
2.09,3.96
2.65,4.48
2.58,3.77
2.33,3.54
2.08,3.24
1.83,3.33
1.86,3.21
2.04,3.59
2.31,3.72
2.0300000000000002,3.36
1.82,3.22
1.73,2.9
1.8,3.22
1.86,3.13
1.5,2.85
1.71,2.89
1.6,2.93
1.59,2.79
1.47,2.9
1.61,2.84
1.44,2.61
1.51,2.81
1.56,2.98
1.68,2.88
1.58,2.79
1.6400000000000001,3.1
1.74,2.96
1.61,2.81
1.57,3.44
1.98,3.41
2.12,3.45
1.95,3.21
1.75,2.98
1.6,3.0700000000000003
1.7,3.17
1.93,3.39
1.9100000000000001,3.3200000000000003
1.9000000000000001,3.16
1.84,3.23
1.81,3.06
1.69,2.98
1.68,2.95
1.6400000000000001,2.89
1.6300000000000001,2.97
1.49,2.77
1.47,2.79
1.58,2.94
1.72,2.95
1.74,3.25
1.77,3.24
1.83,3.08
1.6,2.72
1.53,2.6
1.47,2.49
2.,3.21
1.9100000000000001,3.12
1.79,2.91
1.49,2.45
1.36,2.64
1.44,2.73
1.53,2.88
1.6400000000000001,2.61
1.85,3.12
1.84,3.27
1.9000000000000001,3.3000000000000003
1.84,3.3000000000000003
1.9100000000000001,3.37
1.74,3.0100000000000002
1.79,3.02
1.62,2.77
1.59,2.84
1.57,2.75
1.52,3.06
1.74,3.27
1.9100000000000001,3.41
2.07,3.3000000000000003
1.78,3.16
1.68,3.
1.6300000000000001,2.88
1.59,2.79
1.6300000000000001,3.06
1.74,3.6
2.14,3.5300000000000002
1.99,3.6
1.93,3.3200000000000003
1.81,3.5300000000000002
1.98,2.94
1.57,2.75
1.45,2.66
1.54,2.81
1.54,2.94
1.61,2.93
1.7,3.37
1.94,3.33
1.74,2.89
1.61,2.97
1.6600000000000001,2.86
1.6500000000000001,3.19
1.81,3.29
1.71,3.0300000000000002
1.75,3.06
1.75,3.18
1.87,3.1
1.8900000000000001,2.9
1.81,3.02
1.67,2.92
1.68,2.77
1.43,2.09
1.46,2.37
1.4000000000000001,2.46
1.37,2.43
1.6,2.7
1.7,2.65
1.71,3.0700000000000003
1.83,2.89
1.68,2.65
1.6500000000000001,2.7
1.67,3.0700000000000003
1.83,2.94
1.8,2.79
1.69,2.98
1.8800000000000001,2.83
1.57,2.52
1.53,2.6
1.54,2.5500000000000003
1.55,2.69
1.58,2.77
1.6400000000000001,2.43
1.61,2.86
1.68,2.8000000000000003
1.77,2.8000000000000003
1.61,2.48
1.5,2.35
1.46,2.48
1.34,2.64
1.43,2.66
1.32,2.46
1.36,2.95
1.83,3.19
1.78,3.16
1.67,3.1
1.77,3.04
1.86,3.18
1.83,3.02
1.32,2.61
1.44,2.59
1.47,2.7
1.49,2.87
1.6500000000000001,2.99
1.6300000000000001,2.85
1.54,2.88
1.61,2.86
1.58,3.2
1.82,3.09
1.84,3.0500000000000003
1.8,2.92
1.82,2.91
1.77,3.0700000000000003
1.8800000000000001,3.
1.74,2.79
1.55,3.06
1.77,2.91
1.6500000000000001,2.84
1.68,2.93
1.6400000000000001,3.0100000000000002
1.8800000000000001,3.0100000000000002
1.85,2.65
1.59,2.73
1.52,2.65
1.58,2.68
1.48,2.58
1.6300000000000001,3.0300000000000002
1.8,2.86
1.61,2.64
1.53,2.54
1.45,2.5100000000000002
1.48,2.2
1.51,2.94
1.62,2.71
1.59,2.66
1.83,2.49
1.85,2.68
1.84,3.14
1.85,3.
1.76,2.96
1.61,2.5300000000000002
1.6500000000000001,2.58
1.68,3.02
1.67,3.1
1.72,3.09
1.81,3.37
1.8900000000000001,3.19
1.83,3.08
1.69,2.94
1.73,2.86
1.48,2.42
1.57,2.49
1.51,2.54
1.42,2.5500000000000003
1.33,2.68
1.49,2.7
1.52,2.7800000000000002
1.61,2.7800000000000002
1.6400000000000001,2.95
1.5,2.84
1.55,2.9
1.55,2.8000000000000003
1.57,2.74
1.8800000000000001,3.14
1.69,3.19
1.85,3.17
1.8,3.14
1.77,3.18
1.6400000000000001,3.14
1.6500000000000001,3.2600000000000002
1.8800000000000001,3.13
1.61,3.1
1.83,3.21
1.78,3.3000000000000003
1.6500000000000001,3.18
1.7,3.15
1.6400000000000001,3.0700000000000003
1.48,3.06
1.41,2.71
1.44,2.95
1.58,3.04
1.8,3.43
1.75,3.29
1.78,3.19
1.7,3.04
1.57,2.7600000000000002
1.53,3.0300000000000002
1.71,3.46
1.84,3.39
1.69,2.36
1.54,2.44
1.75,2.72
1.58,2.38
1.71,2.86
1.78,2.93
1.81,3.0100000000000002
1.67,2.57
1.67,2.57
1.68,3.04
1.94,3.11
1.87,3.59
1.45,2.54
1.51,2.56
1.6600000000000001,3.08
1.84,3.
1.83,3.19
1.77,2.91
1.78,2.88
1.94,3.2600000000000002
1.97,3.39
1.9000000000000001,2.88
1.7,2.41
1.67,2.86
1.6400000000000001,2.97
1.75,3.31
1.6500000000000001,2.79
1.58,2.81
1.77,2.56
1.71,2.96
1.57,2.61
1.47,2.74
1.51,2.59
1.48,2.84
1.6,2.85
1.59,2.7600000000000002
1.58,3.36
1.68,2.94
1.61,3.18
1.78,3.22
1.78,3.0700000000000003
1.79,3.54
1.81,2.84
1.6300000000000001,2.65
1.45,2.6
1.48,2.77
1.57,2.84
1.56,2.81
1.6300000000000001,3.13
1.9000000000000001,3.37
1.84,2.93
1.6,2.84
1.6400000000000001,3.13
1.79,3.11
1.8,3.23
1.93,3.46
1.98,3.46
1.94,2.67
1.96,3.34
1.9000000000000001,3.47
2.,3.2
1.76,2.99
1.76,2.97
1.57,2.79
1.54,2.98
1.6400000000000001,3.0100000000000002
1.82,3.38
1.96,3.41
1.98,3.0500000000000003
1.78,3.2800000000000002
1.6,2.93
1.75,2.93
1.67,3.02
1.68,2.86
1.58,3.
1.61,3.02
1.72,2.84
1.57,2.75
1.52,2.83
1.58,2.59
1.75,3.0100000000000002
1.57,3.14
1.76,3.1
1.6400000000000001,2.99
1.59,2.83
1.6,2.89
1.51,2.69
1.48,2.8000000000000003
1.59,3.14
1.79,3.12
1.6600000000000001,2.95
1.58,2.91
1.71,3.17
1.67,2.9
1.6,2.89
1.6300000000000001,2.65
1.45,2.63
1.48,3.0300000000000002
1.6500000000000001,2.9
1.67,3.0100000000000002
1.67,2.81
1.54,2.85
1.6300000000000001,2.75
1.6400000000000001,3.
1.7,2.8000000000000003
1.57,3.4
1.76,2.8000000000000003
1.58,2.75
1.54,3.04
1.73,2.96
1.6500000000000001,2.6
1.43,2.79
1.58,2.94
1.59,2.87
1.62,2.81
1.6300000000000001,2.86
1.77,3.1
1.32,2.41
1.37,2.42
1.3900000000000001,2.48
1.37,2.5
1.47,2.77
1.57,2.83
1.53,2.7
1.57,2.68
1.52,2.73
1.55,2.7600000000000002
1.55,2.63
1.59,3.0700000000000003
1.86,2.89
1.87,3.3000000000000003
1.73,2.85
1.62,2.47
1.6400000000000001,2.43
1.73,2.46
1.59,2.57
1.77,2.84
1.8,3.13
1.77,3.21
1.76,3.0100000000000002
1.92,2.94
1.85,2.73
1.8800000000000001,3.44
1.6400000000000001,2.91
1.55,2.94
1.53,2.46
1.46,2.74
1.45,2.46
1.53,2.89
1.62,2.65
1.75,2.54
1.49,4.07
2.11,3.52
1.56,2.68
1.49,2.77
1.48,2.87
1.6400000000000001,3.1
1.73,3.13
1.78,3.2
1.77,3.21
1.71,3.16
1.6400000000000001,2.81
1.71,3.06
1.95,3.11
1.77,2.92
1.74,2.99
1.6,2.83
1.61,2.72
1.47,2.66
1.6300000000000001,2.86
1.8800000000000001,3.13
1.6400000000000001,2.87
1.53,2.71
1.69,2.44
1.61,2.99
1.6,2.69
1.53,2.2800000000000002
1.54,2.83
1.59,3.15
1.87,3.3200000000000003
1.8900000000000001,3.27
1.5,2.79
1.41,2.58
1.53,2.72
1.53,2.8000000000000003
1.54,2.5
1.36,2.5500000000000003
1.45,2.65
1.54,2.91
1.6600000000000001,3.36
1.96,3.83
2.16,3.81
1.61,2.64
1.6,2.72
1.97,3.0700000000000003
1.86,2.97
1.85,3.1
1.6300000000000001,2.6
1.54,2.6
1.48,2.5
1.51,2.63
1.51,2.8000000000000003
1.6300000000000001,2.9
1.67,2.74
1.58,2.57
1.8,2.91
1.6300000000000001,2.8000000000000003
1.59,2.8000000000000003
1.71,2.69
1.6300000000000001,2.7800000000000002
1.6600000000000001,2.7800000000000002
1.69,2.89
1.74,2.99
1.54,2.7600000000000002
1.54,2.63
1.58,2.7800000000000002
1.6,2.67
1.59,2.7
1.57,2.64
1.59,2.73
1.47,2.58
1.46,2.57
1.43,2.72
1.6300000000000001,2.63
1.52,2.35
1.3800000000000001,2.45
1.44,2.31
1.49,2.9
1.6500000000000001,3.0300000000000002
1.6500000000000001,2.68
1.58,2.41
1.71,2.82
1.76,2.7600000000000002
1.51,2.71
1.55,2.71
1.33,2.54
1.47,2.64
1.56,2.73
1.53,2.89
1.6300000000000001,2.92
1.69,2.5100000000000002
1.69,2.74
1.6300000000000001,2.68
1.6300000000000001,2.66
1.5,2.7
1.6,2.89
1.6300000000000001,2.87
1.62,2.91
1.56,2.79
1.6300000000000001,2.8000000000000003
1.55,2.7
1.48,2.64
1.3800000000000001,2.56
1.6,2.99
1.77,3.22
2.02,3.47
1.71,2.89
1.67,2.95
1.7,3.12
1.84,2.94
1.7,3.0100000000000002
2.1,3.0500000000000003
1.92,4.0600000000000005
2.35,3.36
1.77,3.04
1.6300000000000001,2.72
1.44,2.32
1.55,2.8000000000000003
1.61,3.74
2.33,3.97
2.12,3.56
1.75,2.89
1.6600000000000001,2.96
1.6,2.99
1.73,2.91
1.6,2.8000000000000003
1.6500000000000001,2.63
1.6,2.48
1.72,3.22
1.6500000000000001,3.14
1.6300000000000001,3.
1.59,3.5
1.87,3.27
1.76,3.27
1.78,3.02
1.57,2.88
1.58,2.86
1.3900000000000001,2.7
1.55,2.66
1.54,2.96
1.79,3.3000000000000003
1.95,3.16
1.6400000000000001,2.7
1.48,2.63
1.48,2.5100000000000002
1.48,2.86
1.67,3.0100000000000002
1.78,2.9
1.57,2.79
1.47,2.5300000000000002
1.41,2.54
1.41,2.7
1.46,2.72
1.58,3.0300000000000002
1.71,3.13
1.73,2.56
1.7,3.08
1.12,2.29
1.17,2.38
1.21,2.36
1.31,2.5300000000000002
1.43,2.4
1.36,2.8000000000000003
1.45,2.45
1.33,2.62
1.4000000000000001,2.59
1.56,3.13
1.71,2.83
1.47,2.79
1.61,2.99
1.6,2.99
1.74,3.0100000000000002
1.74,3.66
2.08,3.45
2.08,4.21
2.25,3.75
1.6400000000000001,2.89
1.62,2.93
1.56,2.59
1.74,3.02
1.6,2.73
1.69,3.0500000000000003
1.57,2.7600000000000002
1.55,2.7600000000000002
1.46,2.77
1.49,2.63
1.47,2.62
1.49,2.7800000000000002
1.6,2.93
1.58,2.92
1.61,3.24
1.74,3.11
1.71,3.
1.73,3.21
1.48,2.73
1.3800000000000001,2.65
1.54,2.84
1.72,3.02
1.73,3.27
1.9100000000000001,3.31
1.71,3.02
1.61,2.77
1.45,2.47
1.57,2.87
1.6300000000000001,3.19
1.85,3.3000000000000003
1.85,3.3000000000000003
1.6600000000000001,2.42
1.44,2.61
1.51,2.98
1.75,3.06
1.76,3.06
1.6600000000000001,2.99
1.97,3.19
1.94,2.5500000000000003
1.34,2.65
1.47,2.73
1.6600000000000001,2.89
1.54,3.18
1.84,3.14
1.8800000000000001,3.04
1.6400000000000001,3.59
2.05,3.54
1.8800000000000001,2.96
1.75,3.37
1.8900000000000001,3.17
1.81,3.2600000000000002
1.98,3.29
1.96,3.29
1.7,2.75
1.6500000000000001,3.08
1.85,3.0700000000000003
1.67,3.06
1.56,2.6
1.61,3.0300000000000002
1.57,3.04
2.09,3.39
2.0300000000000002,3.42
1.73,2.41
1.52,2.62
1.45,2.57
1.49,2.66
1.6500000000000001,2.79
1.49,2.49
1.45,2.58
1.35,2.54
1.41,2.5
1.54,2.54
1.6400000000000001,2.61
1.54,2.89
1.6600000000000001,3.04
1.74,3.09
1.51,2.84
1.7,3.23
1.76,3.06
1.74,2.65
1.61,2.69
1.53,2.71
1.5,2.63
1.57,2.74
1.55,2.7
1.59,2.99
1.76,3.0300000000000002
1.56,2.75
1.51,2.62
1.71,2.8000000000000003
1.55,3.0700000000000003
1.54,2.62
1.49,2.66
1.51,2.94
1.74,2.94
1.79,3.21
1.74,3.09
1.76,3.37
1.44,2.84
1.71,3.24
1.85,3.22
1.87,3.2
1.96,3.38
1.76,2.73
1.56,2.88
1.67,2.99
1.75,3.6
2.0100000000000002,3.17
2.35,3.8200000000000003
2.18,3.2
1.8900000000000001,3.09
1.6600000000000001,2.79
1.68,2.91
1.6400000000000001,3.02
1.72,3.1
1.76,3.0700000000000003
1.7,3.1
1.93,3.37
1.4000000000000001,2.5500000000000003
1.51,2.62
1.51,2.62
1.5,2.83
1.74,3.22
2.14,4.61
2.8000000000000003,4.23
2.49,3.72
2.14,3.37
1.87,2.98
1.69,2.84
1.57,2.65
1.47,2.95
1.71,3.13
2.66,4.17
2.43,4.32
2.52,3.87
1.97,3.19
1.83,2.77
1.6400000000000001,2.38
1.47,2.85
1.52,2.83
1.6300000000000001,2.96
1.6400000000000001,3.1
1.83,3.38
2.04,3.16
1.78,2.46
1.58,2.69
1.58,3.04
1.83,3.11
1.78,3.14
1.85,2.98
1.68,2.91
1.6300000000000001,2.77
1.6400000000000001,3.09
1.61,2.6
1.56,2.74
1.6400000000000001,2.69
1.75,2.83
1.71,2.85
1.61,2.57
1.67,2.44
1.54,2.41
1.6300000000000001,2.94
1.79,3.12
1.8,3.14
1.71,3.1
1.78,3.0300000000000002
1.68,3.02
1.72,3.
1.7,3.06
1.6600000000000001,2.94
1.69,2.88
1.6,2.87
1.74,2.94
1.57,2.89
1.62,2.87
1.54,2.85
1.6300000000000001,2.86
1.75,3.17
1.69,2.97
1.58,3.02
1.86,3.13
1.71,2.8000000000000003
1.59,2.83
1.58,2.91
1.67,3.0500000000000003
2.0100000000000002,3.14
1.79,3.17
1.83,2.91
1.97,3.19
2.1,3.22
1.82,3.06
1.77,2.6
2.,3.35
1.9100000000000001,3.21
1.47,2.62
1.48,3.04
1.67,2.8000000000000003
1.47,2.48
1.83,2.98
1.6500000000000001,2.92
1.59,2.75
1.52,3.06
1.86,3.19
1.85,3.15
1.6600000000000001,4.09
1.69,2.36
1.33,2.4
1.36,2.7800000000000002
1.6600000000000001,3.0300000000000002
1.74,3.0700000000000003
1.78,3.19
1.6400000000000001,2.2600000000000002
1.5,2.72
1.3800000000000001,2.5500000000000003
1.4000000000000001,2.47
1.3900000000000001,2.44
1.52,2.86
1.6300000000000001,2.93
1.58,2.57
1.57,2.75
1.58,2.74
1.5,2.5
1.49,2.42
1.53,2.54
1.5,2.14
1.34,2.35
1.32,2.35
1.3800000000000001,2.61
1.53,2.63
1.59,2.7
1.52,2.64
1.47,2.54
1.51,2.83
1.6300000000000001,2.46
1.6400000000000001,2.64
1.46,2.61
1.5,2.36
1.59,2.75
1.6500000000000001,2.75
1.61,2.89
1.58,2.99
1.69,2.64
1.41,2.45
1.34,2.5
1.51,2.81
1.74,3.0700000000000003
1.83,2.83
1.69,2.92
1.58,2.83
1.51,2.73
1.43,2.49
1.42,2.7800000000000002
1.73,2.83
1.42,2.47
1.44,2.81
1.54,2.83
1.6400000000000001,2.89
1.68,2.69
1.47,2.68
1.49,2.62
1.49,2.65
1.81,3.0700000000000003
1.71,3.2
1.9000000000000001,3.18
1.75,3.25
1.94,2.87
1.42,2.94
1.6500000000000001,2.87
1.6500000000000001,2.89
1.6300000000000001,2.87
1.6300000000000001,2.81
1.6,2.87
1.44,2.62
1.4000000000000001,2.6
1.77,2.91
1.69,3.
1.7,3.04
1.69,2.98
1.54,2.95
1.86,3.06
2.3000000000000003,4.54
2.62,4.18
2.3000000000000003,3.04
1.86,2.7
1.71,3.23
1.83,3.0300000000000002
1.76,2.86
1.35,2.54
1.3800000000000001,2.52
1.47,2.54
1.42,2.8000000000000003
1.71,3.0300000000000002
1.78,3.04
1.6500000000000001,2.61
1.59,3.0300000000000002
1.68,2.98
1.6500000000000001,2.89
1.56,2.85
1.62,2.74
1.6600000000000001,2.91
1.57,2.95
1.74,3.
1.71,2.85
1.71,3.09
1.77,3.36
1.43,2.49
1.42,2.5
1.48,2.54
1.5,2.47
1.3800000000000001,2.66
1.45,2.69
1.51,2.81
1.53,2.7600000000000002
1.53,2.91
1.41,2.63
1.53,3.49
2.2,3.64
2.16,3.45
2.0300000000000002,3.39
1.7,2.88
1.57,2.5
1.43,2.4
1.53,2.02
1.7,2.95
1.76,3.24
1.76,3.21
1.8,2.6
1.53,2.38
1.47,2.2800000000000002
1.31,2.39
1.42,2.49
1.6,2.77
1.68,2.9
1.81,3.0500000000000003
1.97,2.91
2.37,3.75
2.09,3.09
2.0300000000000002,3.16
1.73,2.5100000000000002
1.45,2.5100000000000002
1.4000000000000001,2.63
1.73,2.34
1.71,2.71
1.94,3.24
1.71,2.87
1.7,2.8000000000000003
1.53,2.65
1.7,3.13
1.81,3.19
1.87,2.99
1.51,2.77
1.9100000000000001,3.47
2.15,3.3200000000000003
1.9100000000000001,2.86
2.07,3.08
1.86,2.74
1.75,2.57
1.8,3.39
1.94,3.13
1.81,3.0700000000000003
1.6300000000000001,2.79
1.52,2.87
1.71,3.24
1.84,3.44
1.6,2.72
1.51,2.8000000000000003
1.6600000000000001,2.85
1.6500000000000001,2.89
1.58,2.82
1.6300000000000001,2.98
1.6500000000000001,2.82
1.53,2.86
1.75,3.0300000000000002
1.71,2.97
1.78,3.09
1.71,3.
1.79,3.13
1.82,3.24
1.82,3.12
1.56,2.82
1.6300000000000001,2.48
1.58,2.85
1.62,2.8000000000000003
1.57,2.88
1.59,2.74
1.6400000000000001,2.86
1.7,2.96
1.68,3.97
1.94,3.09
1.61,2.79
1.6300000000000001,2.8000000000000003
1.6,2.66
1.5,2.62
1.58,2.64
1.54,2.69
1.74,3.12
1.71,2.34
1.54,2.63
1.47,2.7800000000000002
1.51,2.67
1.74,2.83
1.69,2.93
1.6400000000000001,2.81
1.6400000000000001,2.97
1.77,2.65
1.6400000000000001,2.73
1.48,2.58
1.41,2.47
1.43,2.62
1.53,2.72
1.67,3.0100000000000002
1.75,3.0700000000000003
1.6400000000000001,2.87
1.6300000000000001,2.95
1.6500000000000001,2.96
1.69,3.63
2.05,3.4
1.86,3.22
1.82,3.16
1.8,3.34
1.6,2.7600000000000002
1.54,2.67
1.61,2.91
1.72,3.02
1.79,3.13
2.02,3.09
1.78,3.37
1.9000000000000001,3.22
1.69,2.7600000000000002
1.46,2.5
1.43,2.6
1.6,3.0700000000000003
1.77,2.99
1.73,2.94
1.6300000000000001,3.02
1.7,2.95
1.61,2.82
1.62,2.91
1.6500000000000001,3.0100000000000002
1.71,2.74
1.62,2.91
1.71,3.15
1.72,2.89
1.68,3.17
1.87,3.56
2.04,3.35
2.02,3.37
1.87,3.2800000000000002
1.76,2.99
1.61,2.87
1.6500000000000001,2.94
1.69,3.06
1.72,3.23
2.0100000000000002,3.24
1.96,3.21
1.83,3.02
1.78,3.14
1.81,3.18
1.76,3.15
1.76,3.2
1.79,3.09
1.6300000000000001,3.0100000000000002
1.55,2.7800000000000002
1.5,2.88
1.6,3.0500000000000003
1.75,3.09
1.77,3.06
1.6,2.96
1.6400000000000001,2.98
1.6500000000000001,3.24
1.9000000000000001,3.38
1.79,3.7600000000000002
2.17,3.49
1.81,3.1
1.7,2.94
1.61,3.0700000000000003
1.62,2.81
1.6,2.93
1.33,2.46
1.4000000000000001,2.44
1.51,2.35
1.79,2.75
1.6600000000000001,2.87
1.49,2.86
1.55,2.69
1.6300000000000001,2.91
1.73,2.86
1.61,3.12
1.75,2.96
1.62,2.9
1.61,2.73
1.52,2.6
1.56,2.8000000000000003
1.48,2.6
1.46,3.14
1.78,3.0700000000000003
1.9100000000000001,3.47
2.,3.29
1.9100000000000001,3.16
1.87,3.02
1.58,2.67
1.48,2.73
1.55,2.7600000000000002
1.71,3.22
1.83,3.37
1.8,3.0300000000000002
1.73,3.09
1.85,3.19
1.7,3.
1.73,3.0100000000000002
1.6400000000000001,2.82
1.56,2.79
1.55,2.87
1.58,2.86
1.68,3.16
1.8,3.02
1.78,3.14
1.72,2.9
1.71,3.0100000000000002
1.46,2.7600000000000002
1.43,2.65
1.6500000000000001,2.96
1.46,2.86
1.43,2.5300000000000002
1.7,3.
2.18,3.42
1.97,2.96
1.84,3.0500000000000003
1.73,2.99
1.74,2.86
1.78,3.08
1.46,2.7
1.62,3.7
1.95,3.16
1.8,2.96
1.78,3.0700000000000003
1.87,3.15
1.84,3.37
1.99,3.6
1.94,2.69
1.43,2.67
1.54,2.77
1.6300000000000001,2.72
1.56,2.63
1.98,3.3200000000000003
1.8900000000000001,3.24
1.99,3.02
1.9000000000000001,2.98
1.92,3.2
1.72,2.7800000000000002
1.96,3.5
1.98,3.35
1.84,2.97
1.82,2.82
1.77,2.99
1.59,2.7600000000000002
1.55,2.73
1.54,2.7
1.71,2.97
1.6300000000000001,3.04
1.69,3.12
1.73,3.47
2.08,3.2800000000000002
1.93,3.0700000000000003
1.73,2.88
1.7,2.61
1.81,3.02
1.6600000000000001,2.95
1.68,2.94
1.6,3.04
1.83,2.96
2.02,3.1
1.71,3.0500000000000003
1.75,2.92
1.62,2.47
1.18,2.22
1.3900000000000001,2.56
1.5,2.69
1.51,2.79
1.73,2.8000000000000003
1.71,3.09
1.76,3.19
1.78,2.97
1.67,2.84
1.45,2.31
1.51,2.56
1.57,2.8000000000000003
1.47,2.61
1.49,2.73
1.6300000000000001,2.94
1.74,3.27
1.81,2.95
1.76,2.77
1.5,2.73
1.82,2.97
1.68,3.08
1.68,2.97
1.85,3.08
1.8,2.94
1.58,2.67
1.52,2.5300000000000002
1.42,2.56
1.51,2.57
1.6,2.72
1.62,2.92
1.9000000000000001,3.0100000000000002
1.6300000000000001,2.81
1.58,2.64
1.54,2.85
1.93,2.77
1.68,2.7
1.59,2.73
1.72,2.98
2.1,3.59
1.75,2.7
1.61,2.92
1.6600000000000001,2.98
1.8,3.04
1.68,2.81
1.57,2.64
1.56,2.2800000000000002
1.59,2.9
1.6600000000000001,2.83
1.75,2.6
1.54,2.71
1.6400000000000001,2.69
1.6,2.62
1.57,3.22
1.42,2.43
1.27,2.63
1.3800000000000001,2.69
1.45,2.63
1.57,2.86
1.82,2.9
1.62,2.82
1.59,2.9
1.53,2.87
1.56,2.77
1.58,2.8000000000000003
1.6500000000000001,2.31
1.32,2.59
1.49,2.7800000000000002
1.6400000000000001,2.87
1.53,2.77
1.73,2.98
1.57,2.79
1.48,2.36
1.4000000000000001,2.56
1.3900000000000001,2.5300000000000002
1.41,2.82
1.6300000000000001,2.9
1.59,3.04
1.74,3.11
1.7,3.16
1.8,3.35
1.59,2.67
1.69,2.41
1.3800000000000001,2.73
1.53,2.7800000000000002
1.45,2.66
1.6300000000000001,3.3000000000000003
1.98,3.4
1.8800000000000001,3.16
1.75,3.14
1.68,3.1
1.6300000000000001,3.19
1.86,3.1
1.6600000000000001,2.93
1.6,3.0300000000000002
1.73,3.0700000000000003
1.8,3.49
2.37,3.56
2.0100000000000002,3.35
1.68,2.64
1.7,2.87
1.6,2.93
1.6600000000000001,2.87
1.53,2.7600000000000002
1.45,2.58
1.52,3.11
1.41,2.71
1.53,3.
1.5,2.89
1.58,2.97
1.72,3.04
1.77,3.29
1.71,2.89
1.58,2.85
1.72,3.02
1.62,2.95
1.7,2.99
1.68,3.23
1.69,2.84
1.61,3.02
1.43,2.54
1.43,2.29
1.31,2.34
1.35,2.48
1.46,2.56
1.47,2.35
1.58,2.43
1.6500000000000001,2.59
1.46,2.5300000000000002
1.48,2.58
1.51,2.59
1.48,2.57
1.6,2.77
1.53,2.83
1.78,2.82
1.7,2.81
1.58,2.65
1.76,3.04
3.2800000000000002,4.8500000000000005
2.,2.7800000000000002
1.6300000000000001,2.82
1.48,2.41
1.46,2.47
1.51,2.98
1.69,2.67
1.54,2.82
1.6500000000000001,2.99
1.77,3.37
2.1,3.24
1.82,3.17
1.58,2.63
1.49,2.73
1.6,2.64
1.57,2.7600000000000002
1.58,2.7
1.48,2.48
1.48,2.65
1.57,2.84
1.59,2.94
1.77,2.96
1.77,3.09
1.81,3.09
1.8900000000000001,3.27
1.9000000000000001,3.11
1.81,3.04
1.81,2.7600000000000002
1.53,2.69
1.49,2.61
1.48,2.7
1.61,2.87
1.82,3.18
1.78,3.13
1.85,3.17
1.82,3.29
1.86,3.37
1.83,3.04
1.59,3.1
1.59,2.8000000000000003
1.61,2.94
1.57,2.68
1.6600000000000001,2.94
1.52,2.92
1.57,2.99
1.78,2.88
1.68,3.17